{
    "articles": [
        {
            "author": "Spiderman" ,
            "text": "Lorem ipsum dolor sit amet, consectetur adipiscing elit, sed do eiusmod tempor incididunt ut labore et dolore magna aliqua. Ut enim ad minim veniam, quis nostrud exercitation ullamco laboris nisi ut aliquip ex ea commodo consequat. Duis aute irure dolor in reprehenderit in voluptate velit esse cillum dolore eu fugiat nulla pariatur. Excepteur sint occaecat cupidatat non proident, sunt in culpa qui officia deserunt mollit anim id est laborum.",
            "timestamp": "7/9/2021, 6:04:09 PM",
            "picture" : "https://encrypted-tbn0.gstatic.com/images?q=tbn:ANd9GcRbdSezEvryc6Gw51mAspxGm-DUwGwPuX109GY_wGt8UMCJnIexYR4Anvsk8WK0-3EqW3c&usqp=CAU"
        },
        {   
            "author": "cercvercver",
            "text": "Aenean eget tortor et ipsum convallis convallis non sit amet massa. Donec nec vestibulum sem. Sed et est molestie, congue magna vitae, aliquet lacus. Ut in scelerisque ante. Curabitur ultricies est id consectetur suscipit. In ut lectus congue, dapibus lectus nec, hendrerit augue. Nullam dignissim pretium dictum. Fusce maximus condimentum orci at aliquet. Donec dictum eget leo non vehicula. Morbi consectetur dictum eros in rutrum. Sed quis rhoncus risus.",
            "timestamp": "7/9/2021, 6:04:09 PM",
            "picture": "https://encrypted-tbn0.gstatic.com/images?q=tbn:ANd9GcRUkiJmCwBuehMvRboAkMVkgSSmo8gn_BjhmyXJzQM0VaYJ2MpWnxBMDbxEExTtAAaXySQ&usqp=CAU"
        },

        {
            "author": "Superman",
            "text": "Curabitur quis malesuada neque. Nulla quis mi congue, auctor ante id, cursus nunc. Vivamus dui nisl, pharetra quis risus eu, mattis congue mi. In pellentesque hendrerit eros eget porta. Praesent ut metus suscipit, aliquam arcu a, euismod mauris. Lorem ipsum dolor sit amet, consectetur adipiscing elit. Duis rhoncus, dui sed porttitor placerat, felis mauris hendrerit tortor, non aliquet metus mi non ligula. Nunc velit purus, hendrerit ac pellentesque at, scelerisque non justo. Fusce ligula ex, sagittis sit amet justo ac, scelerisque facilisis lectus. Ut in efficitur turpis. Mauris scelerisque dapibus ligula, vel molestie risus viverra a. Donec in ultrices mauris. Nunc vestibulum quam mauris, sed sollicitudin quam eleifend fermentum.",
            "timestamp": "7/9/2021, 6:04:09 PM",
            "picture": "https://encrypted-tbn0.gstatic.com/images?q=tbn:ANd9GcT6RiJeli8HrV3VevHau66pLKERVKJOIjtk99x2zPsxa9CxLP1MS2M5bR65prJWSqfIlCQ&usqp=CAU"
        },

        {
            "author": "call mother",
            "text": "Sed dictum malesuada ipsum, eget ornare enim molestie in. In id faucibus eros, at dapibus sem. Proin commodo nibh est, at porta magna auctor eu. Nunc sed elementum mauris. Mauris sollicitudin, nisl at finibus iaculis, velit diam ullamcorper arcu, quis luctus massa risus id turpis. Etiam vitae scelerisque risus. Nullam et facilisis nisi. Sed a libero posuere, facilisis odio vitae, gravida tortor. Ut vitae nunc augue. Vestibulum ante ipsum primis in faucibus orci luctus et ultrices posuere cubilia Curae; Sed non ante augue.",
            "timestamp": "7/9/2021, 6:04:09 PM",
            "picture": ""
        },

        {
            "author": "You shoulld",
            "text":"Suspendisse sed vestibulum eros. Proin gravida quam id magna dictum, sed finibus arcu scelerisque. Phasellus varius urna eu ultricies ultrices. Curabitur pulvinar sit amet nisl vel hendrerit. Sed vestibulum tortor et mollis hendrerit. Integer tincidunt felis urna, sed faucibus lorem placerat facilisis. Cum sociis natoque penatibus et magnis dis parturient montes, nascetur ridiculus mus. Sed placerat turpis quis ante imperdiet scelerisque. Nullam aliquet vitae odio et eleifend.",
            "timestamp": "7/9/2021, 6:04:09 PM",
            "picture": ""
        },

        {
            "author": "SSSSYYNKK",
            "text": "Lorem ipsum dolor sit amet, consectetur adipiscing elit, sed do eiusmod tempor incididunt ut labore et dolore magna aliqua. Ut enim ad minim veniam, quis nostrud exercitation ullamco laboris nisi ut aliquip ex ea commodo consequat. Duis aute irure dolor in reprehenderit in voluptate velit esse cillum dolore eu fugiat nulla pariatur. Excepteur sint occaecat cupidatat non proident, sunt in culpa qui officia deserunt mollit anim id est laborum.",
            "timestamp": "7/9/2021, 6:04:09 PM",
            "picture": ""
        },

        {
            "author": "Sorry",
            "text":"Aenean eget tortor et ipsum convallis convallis non sit amet massa. Donec nec vestibulum sem. Sed et est molestie, congue magna vitae, aliquet lacus. Ut in scelerisque ante. Curabitur ultricies est id consectetur suscipit. In ut lectus congue, dapibus lectus nec, hendrerit augue. Nullam dignissim pretium dictum. Fusce maximus condimentum orci at aliquet. Donec dictum eget leo non vehicula. Morbi consectetur dictum eros in rutrum. Sed quis rhoncus risus.",
            "timestamp":"7/9/2021, 6:04:09 PM",
            "picture":"https://encrypted-tbn0.gstatic.com/images?q=tbn:ANd9GcSw8SmZPVD4tNsu6riw3_QKEMLd8FSc_nxIFfEibU8PsKr8fyaw6u9pwh9oLJM4MihrL0k&usqp=CAU"
        },
        {
            "author": "Hello json",
            "text":"Curabitur quis malesuada neque. Nulla quis mi congue, auctor ante id, cursus nunc. Vivamus dui nisl, pharetra quis risus eu, mattis congue mi. In pellentesque hendrerit eros eget porta. Praesent ut metus suscipit, aliquam arcu a, euismod mauris. Lorem ipsum dolor sit amet, consectetur adipiscing elit. Duis rhoncus, dui sed porttitor placerat, felis mauris hendrerit tortor, non aliquet metus mi non ligula. Nunc velit purus, hendrerit ac pellentesque at, scelerisque non justo. Fusce ligula ex, sagittis sit amet justo ac, scelerisque facilisis lectus. Ut in efficitur turpis. Mauris scelerisque dapibus ligula, vel molestie risus viverra a. Donec in ultrices mauris. Nunc vestibulum quam mauris, sed sollicitudin quam eleifend fermentum.",
            "timestamp":"7/9/2021, 6:04:09 PM",
            "picture":"https://encrypted-tbn0.gstatic.com/images?q=tbn:ANd9GcSw8SmZPVD4tNsu6riw3_QKEMLd8FSc_nxIFfEibU8PsKr8fyaw6u9pwh9oLJM4MihrL0k&usqp=CAU"
        },

        {
            "author": "frefvrf",
            "text":"Curabitur quis malesuada neque. Nulla quis mi congue, auctor ante id, cursus nunc. Vivamus dui nisl, pharetra quis risus eu, mattis congue mi. In pellentesque hendrerit eros eget porta. Praesent ut metus suscipit, aliquam arcu a, euismod mauris. Lorem ipsum dolor sit amet, consectetur adipiscing elit. Duis rhoncus, dui sed porttitor placerat, felis mauris hendrerit tortor, non aliquet metus mi non ligula. Nunc velit purus, hendrerit ac pellentesque at, scelerisque non justo. Fusce ligula ex, sagittis sit amet justo ac, scelerisque facilisis lectus. Ut in efficitur turpis. Mauris scelerisque dapibus ligula, vel molestie risus viverra a. Donec in ultrices mauris. Nunc vestibulum quam mauris, sed sollicitudin quam eleifend fermentum.",
            "timestamp":"7/9/2021, 6:04:09 PM",
            "picture":""
        },
        {
            "author": "rvvrer",
            "text":"Curabitur quis malesuada neque. Nulla quis mi congue, auctor ante id, cursus nunc. Vivamus dui nisl, pharetra quis risus eu, mattis congue mi. In pellentesque hendrerit eros eget porta. Praesent ut metus suscipit, aliquam arcu a, euismod mauris. Lorem ipsum dolor sit amet, consectetur adipiscing elit. Duis rhoncus, dui sed porttitor placerat, felis mauris hendrerit tortor, non aliquet metus mi non ligula. Nunc velit purus, hendrerit ac pellentesque at, scelerisque non justo. Fusce ligula ex, sagittis sit amet justo ac, scelerisque facilisis lectus. Ut in efficitur turpis. Mauris scelerisque dapibus ligula, vel molestie risus viverra a. Donec in ultrices mauris. Nunc vestibulum quam mauris, sed sollicitudin quam eleifend fermentum.",
            "timestamp":"7/9/2021, 6:04:09 PM",
            "picture":"https://encrypted-tbn0.gstatic.com/images?q=tbn:ANd9GcSw8SmZPVD4tNsu6riw3_QKEMLd8FSc_nxIFfEibU8PsKr8fyaw6u9pwh9oLJM4MihrL0k&usqp=CAU"
        }

    ]
}